{"(1, 2, 2)": [28.420289855072465, 6.643959438274237], "(2, 1, 1)": [-32.26923076923077, 7.501577743318619], "(1, 1, 1)": [0.0, 10.597648084718431], "(1, 2, 1)": [32.26923076923077, 7.501577743318619], "(2, 2, 2)": [0.0, 5.361902647381804], "(2, 1, 2)": [-28.420289855072465, 6.643959438274236], "(2, 0, 1)": [-56.5, 6.812146490338067], "(1, 0, 1)": [-30.094822571262362, 5.774739072542859], "(1, 1, 2)": [0.0, 5.161761618409053], "(0, 2, 1)": [56.5, 6.812146490338067], "(0, 1, 1)": [30.094822571262362, 5.7747390725428565]}