{"(13, 1)": {"count": {"1": [0.085, 0.27888169534768686], "2": [0.0, 0.01]}, "total_len": {"1": [1.0164858531951904, 4.234353986228789], "2": [0.0, 5]}, "seg_len": {"1": [11.958657096414004, 8.949000212787823], "2": [0, 0]}}, "(6, 2)": {"count": {"1": [9.55, 3.024483426967323], "2": [0.0, 0.01]}, "total_len": {"1": [206.5084403762652, 79.67440026073822], "2": [0.0, 5]}, "seg_len": {"1": [21.623920458247667, 15.238626025059032], "2": [0, 0]}}, "(14, 1)": {"count": {"1": [0.045, 0.20730412441627863], "2": [0.0, 0.01]}, "total_len": {"1": [0.6440245532989501, 3.7401028809728722], "2": [0.0, 5]}, "seg_len": {"1": [14.311656739976671, 10.73527813289966], "2": [0, 0]}}, "(9, 1)": {"count": {"1": [0.79, 0.9777013859047141], "2": [0.0, 0.01]}, "total_len": {"1": [13.160675841634802, 19.411300979832948], "2": [0.0, 5]}, "seg_len": {"1": [16.659083343841523, 10.153186133806726], "2": [0, 0]}}, "(0, 3, 1)": {"count": {"1": [19.7, 4.890807704254992], "2": [0, 1]}, "total_len": {"1": [894.859503333565, 202.76172904175556], "2": [0, 40]}, "seg_len": {"1": [5, 40.42434027073934], "2": [5, 1]}}, "(inf, inf, None)": {"count": {"1": [0.038, 1.1911962342725386], "2": [0, 1]}, "total_len": {"1": [0.2380202784538269, 2.220684811424702], "2": [0, 40]}, "seg_len": {"1": [5, 2.2636915382586027], "2": [5, NaN]}}, "twin": {"count": {"1": [21, 1.5], "2": [21, 1.5]}, "total_len": {"1": [3537.917128664407, 30], "2": [3537.917128664407, 30]}, "seg_len": {"1": [5, 156.81441493927557], "2": [5, 156.81441493927557]}}, "(1, 2, 2)": {"count": {"1": [44.643, 4.339072596765327], "2": [0, 1]}, "total_len": {"1": [1756.7703122609305, 177.80596090805128], "2": [0, 40]}, "seg_len": {"1": [5, 34.35152906975229], "2": [5, 3.1753674348195395]}}, "(1, 1, 2)": {"count": {"1": [44.151, 4.001524584455278], "2": [31.376, 5.211966044020263]}, "total_len": {"1": [2648.3977855176036, 155.27060466597953], "2": [880.8761125314978, 157.39061932082092]}, "seg_len": {"1": [5, 54.98500114420049], "2": [5, 23.574837854777492]}}, "(0, 1, 1)": {"count": {"1": [21, 1.5], "2": [0, 1]}, "total_len": {"1": [3537.917128664407, 30], "2": [0, 40]}, "seg_len": {"1": [5, 156.81441493927557], "2": [5, 1.2466187910600142]}}, "(4, 2)": {"count": {"1": [30.417, 4.507228749464575], "2": [0, 1]}, "total_len": {"1": [868.6913603489571, 156.70089757016913], "2": [0, 40]}, "seg_len": {"1": [5, 23.559402976919497], "2": [5, NaN]}}, "(10, 1)": {"count": {"1": [0.39, 0.6147357155721473], "2": [0.0, 0.01]}, "total_len": {"1": [6.504927046714292, 13.2576994179345], "2": [0.0, 5]}, "seg_len": {"1": [16.679300119780237, 11.040723707651487], "2": [0, 0]}}, "(1, 1, 1)": {"count": {"1": [39.13, 3.9021916918572774], "2": [0, 1]}, "total_len": {"1": [1760.979872363584, 194.4861908875593], "2": [0, 40]}, "seg_len": {"1": [5, 40.00331899728102], "2": [5, 1.6673059463500977]}}, "(7, 1)": {"count": {"1": [2.79, 1.7764852940567788], "2": [0.0, 0.01]}, "total_len": {"1": [55.72655945476552, 43.51354491046036], "2": [0.0, 5]}, "seg_len": {"1": [19.973677223930295, 13.894362214352538], "2": [0, 0]}}, "(2, 2, 2)": {"count": {"1": [30.417, 4.507228749464575], "2": [0, 1]}, "total_len": {"1": [868.6913603489571, 156.70089757016913], "2": [0, 40]}, "seg_len": {"1": [5, 23.559402976919497], "2": [5, NaN]}}, "(2, 1, 2)": {"count": {"1": [44.643, 4.339072596765327], "2": [0, 1]}, "total_len": {"1": [1756.7703122609305, 177.80596090805128], "2": [0, 40]}, "seg_len": {"1": [5, 34.35152906975229], "2": [5, 3.1753674348195395]}}, "(8, 1)": {"count": {"1": [1.595, 1.3118593674628378], "2": [0.0, 0.01]}, "total_len": {"1": [28.904249903478775, 28.72162875891737], "2": [0.0, 5]}, "seg_len": {"1": [18.121786773340926, 12.325812381845312], "2": [0, 0]}}, "(12, 2)": {"count": {"1": [0.215, 0.4458419002292178], "2": [0.0, 0.01]}, "total_len": {"1": [3.1261385560035704, 7.721555672194529], "2": [0.0, 5]}, "seg_len": {"1": [14.540179330249165, 9.95731488857783], "2": [0, 0]}}, "(3, 0, 1)": {"count": {"1": [19.7, 4.890807704254992], "2": [0, 1]}, "total_len": {"1": [894.859503333565, 202.76172904175556], "2": [0, 40]}, "seg_len": {"1": [5, 40.42434027073934], "2": [5, 1]}}, "(11, 2)": {"count": {"1": [0.38, 0.6523802572120039], "2": [0.0, 0.01]}, "total_len": {"1": [5.511358612440526, 10.926025061618564], "2": [0.0, 5]}, "seg_len": {"1": [14.503575295896121, 9.978784472095736], "2": [0, 0]}}, "(1, 2, 1)": {"count": {"1": [25.3, 4.494441010848859], "2": [0, 1]}, "total_len": {"1": [877.5505464938258, 182.49827910564596], "2": [0, 40]}, "seg_len": {"1": [5, 29.685792351534687], "2": [5, NaN]}}, "(2, 0, 1)": {"count": {"1": [26.135, 3.251272827678414], "2": [0, 1]}, "total_len": {"1": [1776.0305271065981, 244.08646937196525], "2": [0, 40]}, "seg_len": {"1": [5, 62.95601787283809], "2": [5, 0.9661672910054524]}}, "(5, 1)": {"count": {"1": [8.73, 2.9371925371006915], "2": [0.0, 0.01]}, "total_len": {"1": [213.24397040550073, 85.09232972146796], "2": [0.0, 5]}, "seg_len": {"1": [24.426571638659876, 17.575497656065718], "2": [0, 0]}}, "(2, 1, 1)": {"count": {"1": [25.3, 4.494441010848859], "2": [0, 1]}, "total_len": {"1": [877.5505464938258, 182.49827910564596], "2": [0, 40]}, "seg_len": {"1": [5, 29.685792351534687], "2": [5, NaN]}}, "(6, 1)": {"count": {"1": [5.045, 2.559877926776979], "2": [0.0, 0.01]}, "total_len": {"1": [108.32951204392185, 62.092989186043944], "2": [0.0, 5]}, "seg_len": {"1": [21.472648571639617, 14.87156650538072], "2": [0, 0]}}, "(13, 2)": {"count": {"1": [0.095, 0.3097983214931935], "2": [0.0, 0.01]}, "total_len": {"1": [0.8403243637084961, 3.0100441237314763], "2": [0.0, 5]}, "seg_len": {"1": [8.84551961798417, 4.582286115629131], "2": [0, 0]}}, "(0, 2, 1)": {"count": {"1": [26.135, 3.251272827678414], "2": [0, 1]}, "total_len": {"1": [1776.0305271065981, 244.08646937196525], "2": [0, 40]}, "seg_len": {"1": [5, 62.95601787283809], "2": [5, 0.9661672910054524]}}, "(14, 2)": {"count": {"1": [0.06, 0.2576819745345029], "2": [0.0, 0.01]}, "total_len": {"1": [0.5453261184692383, 2.6093164698029017], "2": [0.0, 5]}, "seg_len": {"1": [9.08876864115397, 5.35777312811665], "2": [0, 0]}}, "(4, 1)": {"count": {"1": [15.635, 3.8408039522995723], "2": [0.0, 0.01]}, "total_len": {"1": [439.8592605243792, 122.1709757314733], "2": [0.0, 5]}, "seg_len": {"1": [28.132987561520896, 20.261456228184752], "2": [0, 0]}}, "(9, 2)": {"count": {"1": [1.535, 1.2404736998421209], "2": [0.0, 0.01]}, "total_len": {"1": [24.67868938920088, 22.938419830913425], "2": [0.0, 5]}, "seg_len": {"1": [16.077322077655296, 11.088958287627], "2": [0, 0]}}, "(12, 1)": {"count": {"1": [0.09, 0.2861817604250842], "2": [0.0, 0.01]}, "total_len": {"1": [1.2598540332293486, 4.826977684099209], "2": [0.0, 5]}, "seg_len": {"1": [13.998378146992764, 8.975913807195106], "2": [0, 0]}}, "(8, 2)": {"count": {"1": [2.82, 1.8159295140505884], "2": [0.0, 0.01]}, "total_len": {"1": [49.91370640634646, 36.32789118745322], "2": [0.0, 5]}, "seg_len": {"1": [17.69989588877534, 11.857295351349693], "2": [0, 0]}}, "(11, 1)": {"count": {"1": [0.165, 0.4096034667822044], "2": [0.0, 0.01]}, "total_len": {"1": [2.800585801837442, 9.218893428170558], "2": [0.0, 5]}, "seg_len": {"1": [16.973247283863284, 11.25061680753884], "2": [0, 0]}}, "(1, 0, 1)": {"count": {"1": [21, 1.5], "2": [0, 1]}, "total_len": {"1": [3537.917128664407, 30], "2": [0, 40]}, "seg_len": {"1": [5, 156.81441493927557], "2": [5, 1.2466187910600142]}}, "(10, 2)": {"count": {"1": [0.825, 0.9666307464590592], "2": [0.0, 0.01]}, "total_len": {"1": [13.351433546465413, 17.256557513779864], "2": [0.0, 5]}, "seg_len": {"1": [16.18355581389747, 10.217186644850177], "2": [0, 0]}}, "(5, 2)": {"count": {"1": [17.43, 4.130992616793208], "2": [0.0, 0.01]}, "total_len": {"1": [425.52614582680485, 116.12615823108057], "2": [0.0, 5]}, "seg_len": {"1": [24.41343349551376, 17.38526015047378], "2": [0, 0]}}, "(7, 2)": {"count": {"1": [5.155, 2.3624087283956627], "2": [0.0, 0.01]}, "total_len": {"1": [102.87701589623845, 54.33072302885018], "2": [0.0, 5]},